<?xml version="1.0" encoding="utf-8" standalone="yes" ?>
<Window >

  
<VerticalLayout name="" inset="2,2,2,2" vscrollbar="true">
 <Label height="1" bkimage="hor_line.bmp"/>
 
 <VerticalLayout height="180" >
	
		<HorizontalLayout height="24" childpadding="12">
			<Label text="Serial Number" textcolor="#FF555555" glowsize="0" font="font13" width="80"/>
			<Edit name="personinalize_edit_name" tipvalue="" style="edit_style" width= "380"/>
		</HorizontalLayout>
		<Control height="8" />
		<HorizontalLayout height="24" childpadding="12">
			<Label text="Key" textcolor="#FF555555" glowsize="0" font="font13" width="80"/>
			<Edit name="personinalize_edit_password" tipvalue="" style="edit_style" width= "380"/>   
		</HorizontalLayout>
		<Control height="8" />
		<HorizontalLayout height="24" childpadding="12">
			<Label text="Moving Factor Seed" textcolor="#FF555555"  Visible = "false" glowsize="0" font="font13" width="80"/>
			<Edit name="imf_edit" tipvalue="initial moving factor" Visible = "false" style="edit_style" width= "380" />
		</HorizontalLayout>
		
		  <HorizontalLayout  height="40" >
			<Label text="HOTP length" textcolor="#FF555555"  glowsize="0"  width="80"/>  
			<Combo name="hotp_length" width="50" height="40" style="combo_style">
				<ListLabelElement text="6" selected="true" height="30" />
				<ListLabelElement text="8" height="30" /> 
			</Combo>
			<Control width="4" />
			<Button name="btn_personalization" text="Save" textcolor="#FF555555"
			textpadding="6,0,6,0" style="btn_style" width="120"  height="30" />
			<Control width="4" />
			<Button name="btn_random_generate" text="Random data" 
			textcolor="#FF555555" textpadding="6,0,6,0" style="btn_style" width="120" height="30" />
		  </HorizontalLayout>
		
		 <HorizontalLayout>
			
		 </HorizontalLayout>
		 
		<Control />
	  
	</VerticalLayout>
 <Label height="2" bkimage="hor_line.bmp"/>
  
 
 
	
  <Label height="1" bkimage="hor_line.bmp"/>
  
  <VerticalLayout  bkcolor="#FFFFFFFF" inset="0,6,0,6">
   <HorizontalLayout height="34" childpadding="12">
		
		 <Button name="list_names" text="List user info" textcolor="#FF555555" textpadding="6,0,6,0" style="btn_style" width="0" autocalcwidth="true"/>	 
		 <Button name="reset_names" text="Reset applet" textcolor="#FF555555" textpadding="6,0,6,0" style="btn_style" width="0" autocalcwidth="true"/>
		 <Button name="get_applet_version" text="Version info" textcolor="#FF555555" textpadding="6,0,6,0" style="btn_style" width="0" autocalcwidth="true"/>
		
	</HorizontalLayout>
	
	<VerticalLayout bordersize="1" bordercolor="#FF666666" inset="2,2,2,2">
	  <List name="listview" vscrollbar="true" hscrollbar="true" style="list_style">
		<ListHeader height="24" menu="true">
		  <ListHeaderItem text="Serial Number " width="275" hotimage="file='list_header_hot.png'" pushedimage="file='list_header_pushed.png'" sepimage="file='list_header_sep.png'" sepwidth="1"/>

		  <ListHeaderItem text="Hotp code from card" width="140" hotimage="file='list_header_hot.png'" pushedimage="file='list_header_pushed.png'" sepimage="file='list_header_sep.png'" sepwidth="1"/>
  
		  <ListHeaderItem text="Operator" width="250" hotimage="file='list_header_hot.png'" pushedimage="file='list_header_pushed.png'" sepimage="file='list_header_sep.png'" sepwidth="1"/>	
		</ListHeader>
	  </List>
	</VerticalLayout>
  </VerticalLayout>
</VerticalLayout>

</Window>