<?xml version="1.0" encoding="utf-8" standalone="yes" ?>
<Window>
<VerticalLayout bkcolor="#FFE9FFFF"  bkimage="main/7.jpg"  >
	<Button name="hide_btn" text="<<"  name="show_reader_ui_btn" 
			 width="22" height="20"  
			 style="btn_style"  font="8"
			 />
			
	<HorizontalLayout height="35" >
    	<VerticalLayout width="20" />
	    <Text  name="inserted_info" text="No device inserted"  font="3"  />
		 
	</HorizontalLayout>

	<HorizontalLayout maxwidth="376" maxheight="400"  name="device_img"  />

	
	<HorizontalLayout height="2" bkimage="tab_normal.bmp"  />

	
	<VerticalLayout  height="120">
		<HorizontalLayout  height="80" >
			<VerticalLayout width="2" />
			<List  vscrollbar="true" hscrollbar="true"  name="list_for_reader" bordersize="1"  height="" itemtextcolor="#FF000000"  
			   bkcolor="#FFFFFFFF" itemselectedtextcolor="#FF000000" itemselectedbkcolor="#FFC1E3FF" itemhottextcolor="#FF000000" itemhotbkcolor="#FFE9F5FF" itemdisabledtextcolor="#FFCCCCCC" itemdisabledbkcolor="#FFFFFFFF" headerbkimage="List/list_header_bg.png">
				<ListHeader bkimage="List/list_header_bg.png">
					<ListHeaderItem text="All Devices" height="18" minwidth="16" textcolor="#FF000000" sepwidth="4" align="center" />
				</ListHeader>
			</List>
		</HorizontalLayout>
		<VerticalLayout height="8" />
		<HorizontalLayout  height="27">
			<VerticalLayout  />
			<Button name="Card_Connect" text="Connect"   width="87" height="27" textcolor="#FF000000" disabledtextcolor="#FFA7A6AA" align="center" style="btn_style"  />
			<Button name="Card_Disconnect" text="Disconnect"  width="87" height="27" textcolor="#FF000000" disabledtextcolor="#FFA7A6AA" align="center" style="btn_style"  />
			<Button name="Card_Reset" visible="false" text="Reset" width="87" height="27" textcolor="#FF000000" disabledtextcolor="#FFA7A6AA" align="center" style="btn_style"  />
		</HorizontalLayout>
			<HorizontalLayout />
	</VerticalLayout>

	<HorizontalLayout height="2" bkimage="tab_normal.bmp"  />


	
<HorizontalLayout>
	
		<HorizontalLayout width="36"  />
	
	
	<VerticalLayout >
	
		<HorizontalLayout height="12"/>
		
		<HorizontalLayout  height="27">	
			<Option name="ccid_select"  group="device_type" float="" pos="12,82,0,0" width="16" height="16" selected="false" textcolor="#FF000000" disabledtextcolor="#FFA7A6AA" align=	"center" normalimage="noselect.png" selectedimage="select.png" />
			<Label text="CCID"  width="100" height="18" textcolor="#00808080" disabledtextcolor="#FFA7A6AA" font="1" />
		</HorizontalLayout >
		
		
		<HorizontalLayout  height="27">
			<Option name="otp_select"  group="device_type" float="" pos="12,112,0,0" width="16" height="16" selected="false" textcolor="#FF000000" disabledtextcolor="#FFA7A6AA" align="center" normalimage="noselect.png" selectedimage="select.png" />
			<Label text="OTP"  height="18" textcolor="#00808080" disabledtextcolor="#FFA7A6AA" font="1" />
		</HorizontalLayout>
		
		
		<HorizontalLayout  height="27">
			<Option name="u2f_select" group="device_type" float="" pos="12,142,0,0" width="16" height="16" selected="false" textcolor="#FF000000" disabledtextcolor="#FFA7A6AA" align="center" normalimage="noselect.png" selectedimage="select.png" />
			<Label text="U2F"  height="18" textcolor="#00808080" disabledtextcolor="#FFA7A6AA" font="1" />
		</HorizontalLayout>
		
		<HorizontalLayout  height="27">
			<Option name="otp_u2f_select" group="device_type" float="" pos="12,172,0,0" width="16" height="16" selected="false" textcolor="#FF000000" disabledtextcolor="#FFA7A6AA" align="center" normalimage="noselect.png" selectedimage="select.png" />
			<Label text="OTP+U2F"  height="18" textcolor="#00808080" disabledtextcolor="#FFA7A6AA" font="1" />
		</HorizontalLayout >
		
		
		
		<HorizontalLayout  height="27">
			<Option name="otp_ccid_select" group="device_type" float="" pos="12,202,0,0" width="16" height="16" selected="false" textcolor="#FF000000" disabledtextcolor="#FFA7A6AA" align="center" normalimage="noselect.png" selectedimage="select.png" />
			<Label text="OTP+CCID"  height="18" textcolor="#00808080" disabledtextcolor="#FFA7A6AA" font="1" />
		</HorizontalLayout>
		
		
		<HorizontalLayout  height="27">
			<Option name="u2f_ccid_select" group="device_type" float="" pos="12,232,0,0" width="16" height="16" selected="false" textcolor="#FF000000" disabledtextcolor="#FFA7A6AA" align="center" normalimage="noselect.png" selectedimage="select.png" />
			<Label text="U2F+CCID" height="18" textcolor="#00808080" disabledtextcolor="#FFA7A6AA" font="1" />
		</HorizontalLayout>
		
		
		<HorizontalLayout  height="27">
			<Option name="u2f_ccid_otp_select" group="device_type"  width="16" height="16" selected="false" textcolor="#FF000000" disabledtextcolor="#FFA7A6AA" align="center" normalimage="noselect.png" selectedimage="select.png" />
			<Label text="U2F+CCID+OTP"  height="18" textcolor="#00808080" disabledtextcolor="#FFA7A6AA" font="1" />
		</HorizontalLayout>
		
		<HorizontalLayout  height="27">
			<Option name="none_select" group="device_type" float="" Visible="false" pos="12,999,0,0" width="16" height="16" selected="true" textcolor="#FF000000" disabledtextcolor="#FFA7A6AA" align="center" normalimage="noselect.png" selectedimage="select.png" />
		</HorizontalLayout>
		
		<HorizontalLayout height="2"/>
		<Button name="btn_apply"    text="Apply"  textpadding="6,0,6,0" style="btn_style" width="80" height="27" />
		
		
		
		<HorizontalLayout />
	
	
	
	
	

	
	
	
	</VerticalLayout>
	
	

</HorizontalLayout>
		

	
</VerticalLayout>
</Window>
