<?xml version="1.0" encoding="utf-8"?>
<Window size="1270,820" sizebox="4,4,6,6" roundcorner="5,5" caption="0,0,0,90" mininfo="990,690">
  <Font id="8" name="Microsoft Yahei UI" size="8" />
  <Font id="1" name="Microsoft Yahei UI" size="12" bold="true" />
  <Font id="2" name="Microsoft Yahei UI" size="13" bold="true" />
  <Font id="3"  name="Microsoft Yahei UI" size="16" bold="true" />
  <Font id="4" name="Microsoft Yahei UI" size="22" bold="true" italic="true"/>
  <Font id="5" name="Microsoft Yahei UI" size="16"  />
  <Default name="VScrollBar" value="button1normalimage=&quot;file='scrollbar.bmp' source='0,90,16,106' mask='#FFFF00FF'&quot; button1hotimage=&quot;file='scrollbar.bmp' source='18,90,34,106' mask='#FFFF00FF'&quot; button1pushedimage=&quot;file='scrollbar.bmp' source='36,90,52,106' mask='#FFFF00FF'&quot; button1disabledimage=&quot;file='scrollbar.bmp' source='54,90,70,106' mask='#FFFF00FF'&quot; button2normalimage=&quot;file='scrollbar.bmp' source='0,108,16,124' mask='#FFFF00FF'&quot; button2hotimage=&quot;file='scrollbar.bmp' source='18,108,34,124' mask='#FFFF00FF'&quot; button2pushedimage=&quot;file='scrollbar.bmp' source='36,108,52,124' mask='#FFFF00FF'&quot; button2disabledimage=&quot;file='scrollbar.bmp' source='54,108,70,124' mask='#FFFF00FF'&quot; thumbnormalimage=&quot;file='scrollbar.bmp' source='0,126,16,142' corner='2,2,2,2' mask='#FFFF00FF'&quot; thumbhotimage=&quot;file='scrollbar.bmp' source='18,126,34,142' corner='2,2,2,2' mask='#FFFF00FF'&quot; thumbpushedimage=&quot;file='scrollbar.bmp' source='36,126,52,142' corner='2,2,2,2' mask='#FFFF00FF'&quot; thumbdisabledimage=&quot;file='scrollbar.bmp' source='54,126,70,142' corner='2,2,2,2' mask='#FFFF00FF'&quot; railnormalimage=&quot;file='scrollbar.bmp' source='0,144,16,160' corner='2,2,2,2' mask='#FFFF00FF'&quot; railhotimage=&quot;file='scrollbar.bmp' source='18,144,34,160' corner='2,2,2,2' mask='#FFFF00FF'&quot; railpushedimage=&quot;file='scrollbar.bmp' source='36,144,52,160' corner='2,2,2,2' mask='#FFFF00FF'&quot; raildisabledimage=&quot;file='scrollbar.bmp' source='54,144,70,160' corner='2,2,2,2' mask='#FFFF00FF'&quot; bknormalimage=&quot;file='scrollbar.bmp' source='0,162,16,178' corner='2,2,2,2' mask='#FFFF00FF'&quot; bkhotimage=&quot;file='scrollbar.bmp' source='18,162,34,178' corner='2,2,2,2' mask='#FFFF00FF'&quot; bkpushedimage=&quot;file='scrollbar.bmp' source='36,162,52,178' corner='2,2,2,2' mask='#FFFF00FF'&quot; bkdisabledimage=&quot;file='scrollbar.bmp' source='54,162,70,178' corner='2,2,2,2' mask='#FFFF00FF'&quot; " />
  <Default name="HScrollBar" value="button1normalimage=&quot;file='scrollbar.bmp' source='0,0,16,16' mask='#FFFF00FF'&quot; button1hotimage=&quot;file='scrollbar.bmp' source='18,0,34,16' mask='#FFFF00FF'&quot; button1pushedimage=&quot;file='scrollbar.bmp' source='36,0,52,16' mask='#FFFF00FF'&quot; button1disabledimage=&quot;file='scrollbar.bmp' source='54,0,70,16' mask='#FFFF00FF'&quot; button2normalimage=&quot;file='scrollbar.bmp' source='0,18,16,34' mask='#FFFF00FF'&quot; button2hotimage=&quot;file='scrollbar.bmp' source='18,18,34,34' mask='#FFFF00FF'&quot; button2pushedimage=&quot;file='scrollbar.bmp' source='36,18,52,34' mask='#FFFF00FF'&quot; button2disabledimage=&quot;file='scrollbar.bmp' source='54,18,70,34' mask='#FFFF00FF'&quot; thumbnormalimage=&quot;file='scrollbar.bmp' source='0,36,16,52' corner='2,2,2,2' mask='#FFFF00FF'&quot; thumbhotimage=&quot;file='scrollbar.bmp' source='18,36,34,52' corner='2,2,2,2' mask='#FFFF00FF'&quot; thumbpushedimage=&quot;file='scrollbar.bmp' source='36,36,52,52' corner='2,2,2,2' mask='#FFFF00FF'&quot; thumbdisabledimage=&quot;file='scrollbar.bmp' source='54,36,70,52' corner='2,2,2,2' mask='#FFFF00FF'&quot; railnormalimage=&quot;file='scrollbar.bmp' source='0,54,16,70' corner='2,2,2,2' mask='#FFFF00FF'&quot; railhotimage=&quot;file='scrollbar.bmp' source='18,54,34,70' corner='2,2,2,2' mask='#FFFF00FF'&quot; railpushedimage=&quot;file='scrollbar.bmp' source='36,54,52,70' corner='2,2,2,2' mask='#FFFF00FF'&quot; raildisabledimage=&quot;file='scrollbar.bmp' source='54,54,70,70' corner='2,2,2,2' mask='#FFFF00FF'&quot; bknormalimage=&quot;file='scrollbar.bmp' source='0,72,16,88' corner='2,2,2,2' mask='#FFFF00FF'&quot; bkhotimage=&quot;file='scrollbar.bmp' source='18,72,34,88' corner='2,2,2,2' mask='#FFFF00FF'&quot; bkpushedimage=&quot;file='scrollbar.bmp' source='36,72,52,88' corner='2,2,2,2' mask='#FFFF00FF'&quot; bkdisabledimage=&quot;file='scrollbar.bmp' source='54,72,70,88' corner='2,2,2,2' mask='#FFFF00FF'&quot; " />
  
   <Style name="combo_style" value="height=&quot;22&quot; textpadding=&quot;4,1,22,1&quot; normalimage=&quot;file='combo.png' source='0,0,100,22' corner='2,2,20,2'&quot; hotimage=&quot;file='combo.png' source='0,22,100,44' corner='2,2,22,2'&quot; pushedimage=&quot;file='combo.png' source='0,44,100,66' corner='2,2,22,2'&quot;" />
  <Style name="list_style" value="headerbkimage=&quot;file='list_header_bg.png'&quot; itemalign=&quot;center&quot; itemlinecolor=&quot;#FFFF0000&quot; itemshowrowline=&quot;true&quot; itemshowcolumnline=&quot;true&quot;" />
  <Style name="edit_style" value="bkimage=&quot;res='edit_bk.png' corner='6,6,6,6'&quot;" />
  <Style name="btn_style" value="drag=&quot;true&quot; textpadding=&quot;6,0,6,0&quot; normalimage=&quot;res='button_normal.png' corner='4,4,4,4'&quot; hotimage=&quot;res='button_hover.png' corner='4,4,4,4'&quot; pushedimage=&quot;res='button_pushed.png' corner='4,4,4,4'&quot;" />
  <Style name="treenode_folder_style" value="padding=&quot;0,1,0,0&quot; width=&quot;16&quot; height=&quot;16&quot; normalimage=&quot;file='Icon/treeview_b.png' source='0,0,16,16' &quot; hotimage=&quot;file='Icon/treeview_b.png' source='16,0,32,16' &quot; selectedimage=&quot;file='Icon/treeview_a.png' source='0,0,16,16' &quot; selectedhotimage=&quot;file='Icon/treeview_a.png' source='16,0,32,16' &quot;"/>
  <Style name="treenode_checkbox_style" value="width=&quot;16&quot; height=&quot;16&quot; normalimage=&quot;file='Icon/unchecked.png' &quot; selectedimage=&quot;file='Icon/checked.png'&quot;" />
  <Style name="treeview_style" value="folderattr=&quot;treenode_folder_style&quot; checkboxattr=&quot;treenode_checkbox_style&quot;"/>
  
  
  <Style name="main_tab" value="textcolor=&quot;#FF386382&quot; font=&quot;2&quot; normalimage=&quot;tabbar_normal.png&quot; hotimage=&quot;tabbar_hover.png&quot; pushedimage=&quot;tabbar_pushed.png&quot; selectedimage=&quot;tabbar_pushed.png&quot; group=&quot;tab_header&quot;" />

  
  <VerticalLayout bkimage="file='mainwnd/mainbg.png' corner='2,2,2,2'" inset="1,1,1,1" bordercolor="#EE768D9B" bordersize="1" borderround="5,5" width="1000">
    <HorizontalLayout name="sysbar" height="40">
    
      <HorizontalLayout name="main_tabbar" inset="0,10" childpadding="-20">
     
		<Option name="get_opt_panel_tab" font="5"  selected="true"  group="main_tabbar" width="150" height="32" userdata="get_opt_panel"  
		text="FT HOTP" textpadding="22,0,0,0" normalimage="file='mainwnd/main_wnd_tab_item.png' source='0,0,43,32' corner='20,0,20,0'"
		hotimage="file='mainwnd/main_wnd_tab_item.png' source='43,0,86,32' corner='20,0,20,0'" 
		pushedimage="file='mainwnd/main_wnd_tab_item.png' source='86,0,129,32' corner='20,0,20,0'" 
		selectedimage="file='mainwnd/main_wnd_tab_item.png' source='86,0,129,32' corner='20,0,20,0'"/>
		
	
		
      </HorizontalLayout>

      <HorizontalLayout name="sysbtn" width="126" inset="0,0,0,0">
      
        <Button name="minbtn" maxwidth="26" maxheight="17" normalimage="file='sys_dlg_min.png' source='52,0,78,17'" hotimage="file='sys_dlg_min.png' source='26,0,52,17'" pushedimage="file='sys_dlg_min.png' source='0,0,26,17'"/>
        <Button name="maxbtn" maxwidth="26" maxheight="17" normalimage="file='sys_dlg_max.png' source='52,0,78,17'" hotimage="file='sys_dlg_max.png' source='26,0,52,18'" pushedimage="file='sys_dlg_max.png' source='0,0,26,17'"/>
        <Button name="restorebtn" visible="false" maxwidth="26" maxheight="17" normalimage="file='sys_dlg_restore.png' source='52,0,78,17'" hotimage="file='sys_dlg_restore.png' source='26,0,52,17'" pushedimage="file='sys_dlg_restore.png' source='0,0,26,17'" />
        <Button name="closebtn" maxwidth="45" maxheight="17" normalimage="file='sys_dlg_close.png' source='90,0,135,17'" hotimage="file='sys_dlg_close.png' source='45,0,90,17'" pushedimage="file='sys_dlg_close.png' source='0,0,45,17'"/>
      </HorizontalLayout>
    </HorizontalLayout>

  
    
    <Control height="2" bkcolor="#FF8E8E8E"/>

    
  <VerticalLayout name="body_main" visible="true" bkimage="file='toolbar/toolbar.bkg.png' corner='2,0,2,0'">
		
	<HorizontalLayout>
		<VerticalLayout 
		inset="0,0,0,6" name="communicate_panel_ui"  width="380">
           <CommunicatePanelUI />
		</VerticalLayout  >
		<VerticalLayout   visible="false"   name="communicate_panel_ui_hide" bkcolor="#FFE9FFFF" width="22"> 
			  <Button text=">>"  name="hide_reader_ui_btn"  width="22" height="20" style="btn_style"  font="8"/>
		</VerticalLayout>
		
		
        <VerticalLayout >
		
		
			<AnimationTabLayout name="body_main_tablayout" >
		
				
				<HorizontalLayout name="get_opt_panel" >
					<OATH_GET_OTP_PANELUI />
				</HorizontalLayout>
			
			</AnimationTabLayout>
		
			<HorizontalLayout  height="20" name="hide_output_in_initUI_layout" visible="false" > 
			
				 <Button text="Show" name="show_output_in_initUI" style="btn_style" 
										float="false" pos="185,0,0,0" width="93" height="20" />
										<Container  bkimage="vertical_border.bmp" />
			</HorizontalLayout>
			<VerticalLayout height="200" name="show_output_in_initUI_layout" >
					<HorizontalLayout height="20">
						 <Button text="Hide" name="hide_output_in_initUI"  style="btn_style" 
										float="false" pos="185,0,0,0" width="93" height="20" textcolor="#FF000000" disabledtextcolor="#FFA7A6AA" align="center" />
								
								 <Button text="Clear" name="clare_output_in_initUI" style="btn_style" 
										float="false" pos="87,0,0,0" width="93" height="20" textcolor="#FF000000" disabledtextcolor="#FFA7A6AA" align="center" />
								
						
								<Container  />
					</HorizontalLayout>
					
					<HorizontalLayout bkimage="edit_bk.png">
						<Container width="8" />
						<RichEdit  name="RichEdit_InitDeomo" hscrollbar="true"  vscrollbar="true"/>
						<Container width="8" />
					</HorizontalLayout>
			</VerticalLayout>
			
	
		
		

		</VerticalLayout>
		
	</HorizontalLayout>
	
	
	
  </VerticalLayout>



  
  </VerticalLayout>
</Window>